name,schema,description
113-231740-矯正署臺東戒治所-歲入項目說明提要表_20240126074801.xml,schema-歲入項目說明提要表.csv,歲入項目說明提要表
113-231740-矯正署臺東戒治所-歲出計畫提要及分支計畫概況表_20240126074801.xml,schema-歲出計畫提要及分支計畫概況表.csv,歲出計畫提要及分支計畫概況表
113-231740-矯正署臺東戒治所-各項費用彙計表_20240126074801.xml,schema-各項費用彙計表.csv,各項費用彙計表
113-231740-矯正署臺東戒治所-人事費彙計表_20240126074801.xml,schema-人事費彙計表.csv,人事費彙計表
113-231740-矯正署臺東戒治所-預算員額明細表_20240126074801.xml,schema-預算員額明細表.csv,預算員額明細表
113-231740-矯正署臺東戒治所-公務車輛明細表_20240126074801.xml,schema-公務車輛明細表.csv,公務車輛明細表