name,title
HotelID,旅館民宿編號
HotelName,旅館民宿名稱
AlternateNames,別名
Description,敘述
PositionLat,緯度
PositionLon,經度
HotelClasses,等級
HotelStars,星級
TaiwanHost,好客民宿
PostalAddress,地址
Telephones,電話
Images,圖片
Organizations,管理單位
ServiceTimeInfo,服務時間
TrafficInfo,交通資訊
ParkingInfo,停車資訊
Facilities,設施資訊
ServiceStatus,營業狀態
PaymentMethods,付款方式
LocatedCities,所在城市
WebsiteURL,網址
ReservationURLs,訂房連結
MapURLs,地圖連結
SameAsURLs,外部連結
SocialMediaURLs,社群連結
RoomInfo,房型說明
ServiceInfo,服務說明
TotalRooms,總房間數
LowestPrice,最低價格
CeilingPrice,最高價格
TotalCapacity,總人數
AccessibleRooms,無障礙客房
Toilets,廁所數量
LiftingEquipments,電梯設備
ParkingSpaces,停車位數量
Remarks,備註
UpdateTime,更新時間
